{
	"fieldSets": [
		{
			"fields": [
				{
					"dataType": "int",
					"defaultValue": "3",
					"label": "Items",
					"name": "items",
					"type": "text"
				},
				{
					"dataType": "int",
					"defaultValue": "1200",
					"label": "Container max width",
					"name": "containerMaxWidth",
					"type": "text"
				},
				{
					"dataType": "string",
					"defaultValue": "align-items-start",
					"label": "Align Items",
					"name": "alignItems",
					"type": "select",
					"typeOptions": {
						"validValues": [
							{
								"label": "start",
								"value": "align-items-start"
							},
							{
								"label": "end",
								"value": "align-items-end"
							},
							{
								"label": "center",
								"value": "align-items-center"
							},
							{
								"label": "baseline",
								"value": "align-items-baseline"
							},
							{
								"label": "stretch",
								"value": "align-items-stretch"
							}
						]
					}
				},
				{
					"dataType": "string",
					"defaultValue": "justify-content-start",
					"label": "Justify Content",
					"name": "justifyContent",
					"type": "select",
					"typeOptions": {
						"validValues": [
							{
								"label": "start",
								"value": "justify-content-start"
							},
							{
								"label": "end",
								"value": "justify-content-end"
							},
							{
								"label": "center",
								"value": "justify-content-center"
							},
							{
								"label": "between",
								"value": "justify-content-between"
							},
							{
								"label": "around",
								"value": "justify-content-around"
							}
						]
					}
				},
			]
		}
	]
}